{
    "name"              : "Sun",
    "baseColor"         : "#FFFFFF",
    "radius"            : 696342,
    "dataValidityRange" : [
        1800,
        2050
    ],
    "orbitingObjects"   : [
        {
            "name"           : "Mercury",
            "baseColor"      : "grey",
            "radius"         : 2439.7,
            "tilt"           : 0.03,
            "rotationPeriod" : 58.6462,
            "orbit"          : {
                "base" : {
                    "a"  : 0.38709927,
                    "e"  : 0.20563593,
                    "I"  : 7.00497902,
                    "L"  : 252.25032350,
                    "lp" : 77.45779628,
                    "O"  : 48.33076593
                },
                "cy"   : {
                    "a"  : 0.00000037,
                    "e"  : 0.00001906,
                    "I"  : -0.00594749,
                    "L"  : 149472.67411175,
                    "lp" : 0.16047689,
                    "O"  : -0.12534081
                }
            }
        },
        {
            "name"           : "Venus",
            "baseColor"      : "#7c7b38",
            "radius"         : 6051.8,
            "tilt"           : 2.64,
            "rotationPeriod" : 243.0187,
            "orbit"          : {
                "base" : {
                    "a"  : 0.72333566,
                    "e"  : 0.00677672,
                    "I"  : 3.39467605,
                    "L"  : 181.97909950,
                    "lp" : 131.60246718,
                    "O"  : 76.67984255
                },
                "cy"   : {
                    "a"  : 0.00000390,
                    "e"  : -0.00004107,
                    "I"  : -0.00078890,
                    "L"  : 58517.81538729,
                    "lp" : 0.00268329,
                    "O"  : -0.27769418
                }
            }
        },
        {
            "name"            : "Earth",
            "baseColor"       : "#1E76D0",
            "radius"          : 6371.0,
            "tilt"            : 23.4392811,
            "rotationPeriod"  : 0.99726968,
            "syncMap"         : true,
            "orbit"           : {
                "base" : {
                    "a"  : 1.00000261,
                    "e"  : 0.01671123,
                    "I"  : -0.00001531,
                    "L"  : 100.46457166,
                    "lp" : 102.93768193,
                    "O"  : 0.0
                },
                "cy"   : {
                    "a"  : 0.00000562,
                    "e"  : -0.00004392,
                    "I"  : -0.01294668,
                    "L"  : 35999.37244981,
                    "lp" : 0.32327364,
                    "O"  : 0.0
                }
            },
            "orbitingObjects" : [
                {
                    "name"           : "Moon",
                    "baseColor"      : "grey",
                    "radius"         : 1737.4,
                    "tilt"           : 1.54,
                    "rotationPeriod" : null,
                    "syncMap"        : true,
                    "orbit"          : {
                        "base" : {
                            "a" : 0.00256955529,
                            "e" : 0.05490,
                            "I" : 5.145,
                            "M" : 135.27,
                            "w" : 318.15,
                            "O" : 125.08
                        },
                        "day"  : {
                            "a" : 0,
                            "e" : 0,
                            "I" : 0,
                            "M" : 13.176358,
                            "w" : 0.164353224,
                            "O" : 0.05299066039
                        }
                    }
                },
                {
                    "name"          : "Hubble",
                    "baseColor"     : "grey",
                    "model"         : "models/hubble/hubble3.json",
                    "modelOffset"   : [
                        0,
                        -230,
                        0
                    ],
                    "geometryScale" : [
                        0.001,
                        0.001,
                        0.001
                    ],
                    "orbit"         : {
                        "base" : {
                            "a" : 4.62398955064806e-5,
                            "e" : 0.0002542,
                            "I" : 28.4704,
                            "M" : 190.0214,
                            "w" : 269.4322,
                            "O" : 338.334
                        },
                        "day"  : {
                            "a" : 0,
                            "e" : 0,
                            "I" : 0,
                            "M" : 15.09000480,
                            "w" : 0,
                            "O" : 0
                        }
                    }
                }
            ]
        },
        {
            "name"          : "Tesla",
            "baseColor"     : "red",
            "model"         : "models/tesla/roadster2.json",
            "geometryScale" : [
                0.1,
                0.05,
                0.1
            ],
            "orbit"         : {
                "epoch"      : 2458159.489594907,
                "afterEpoch" : true,
                "base"       : {
                    "a" : 1.3247593886552433,
                    "e" : 0.255732140881327,
                    "I" : 1.0773774659898063,
                    "M" : 3.357378858556338,
                    "w" : 177.4852698311619,
                    "O" : 317.09425014516825
                },
                "day"        : {
                    "a" : 0,
                    "e" : 0,
                    "I" : 0,
                    "M" : 6.346050715251113E-01,
                    "w" : 0,
                    "O" : 0
                }
            }
        },
        {
            "name"           : "Mars",
            "baseColor"      : "red",
            "radius"         : 3389.5,
            "tilt"           : 25.19,
            "rotationPeriod" : 1.02595675,
            "orbit"          : {
                "base" : {
                    "a"  : 1.52371034,
                    "e"  : 0.09339410,
                    "I"  : 1.84969142,
                    "L"  : -4.55343205,
                    "lp" : -23.94362959,
                    "O"  : 49.55953891
                },
                "cy"   : {
                    "a"  : 0.00001847,
                    "e"  : 0.00007882,
                    "I"  : -0.00813131,
                    "L"  : 19140.30268499,
                    "lp" : 0.44441088,
                    "O"  : -0.29257343
                }
            }
        },
        {
            "name"        : "asteroid_belt",
            "baseColor"   : "#BEBEBE",
            "innerRadius" : 2.1,
            "outerRadius" : 3.28
        },
        {
            "name"           : "Ceres",
            "baseColor"      : "#999999",
            "radius"         : 475,
            "tilt"           : 0.0,
            "rotationPeriod" : 0.37809,
            "orbit"          : {
                "epoch" : 2458200.5,
                "base"  : {
                    "a" : 2.76704625,
                    "e" : 0.07553461,
                    "I" : 10.59350980,
                    "M" : 352.23046117659,
                    "w" : 73.11534200131,
                    "O" : 80.309918655944
                },
                "day"   : {
                    "a" : 0,
                    "e" : 0,
                    "I" : 0,
                    "M" : 0.21413095,
                    "w" : 0,
                    "O" : 0
                }
            }
        },
        {
            "name"           : "Jupiter",
            "baseColor"      : "orange",
            "radius"         : 69911,
            "tilt"           : 3.13,
            "rotationPeriod" : 0.41007,